slot,name,type
headgear,Alpha Wolf Helm,
headgear,Arkhan Leather Helm,Leather
headgear,Ashad Plate Helm,Plate
headgear,Ator's Will Helm,
headgear,Autumn Banquet Plate Helm,Plate
headgear,Baltheon Plate Helm,Plate
headgear,Bedure Plate Helm,Plate
headgear,Belkandor Plate Helm,Plate
headgear,Beltran Plate Helm,Plate
headgear,Besnet Plate Helm,Plate
headgear,Bespoke Visione,
headgear,Black Bear Gas Mask,
headgear,Black Bears' Leather Helm,Leather
headgear,Blackwing Mask,
headgear,Blinding Arrow's Mask,
headgear,Blue Scout Hat,
headgear,Bobfett Plate Helm,Plate
headgear,Bolton Plate Helm,Plate
headgear,Boren Leather Helm,Leather
headgear,Boss Bear Hat,
headgear,Brimstone Gas Mask,
headgear,Canta Plate Helm,Plate
headgear,Carta Plate Helm,Plate
headgear,Catfish Plate Helm,Plate
headgear,Chelcia Plate Helm,Plate
headgear,Circuit Hijacking Helm,
headgear,Circus Jester Hat,
headgear,Condemner's Plate Helm,Plate
headgear,Constellation Helm,
headgear,Crimson Chaser Plate Helm,Plate
headgear,Crude Devil Mask,
headgear,Dark Ringleader's Cloth Helm,Cloth
headgear,Deceiver's Fedora,
headgear,Deer Hat,
headgear,Delegation Leather Hat,Leather
headgear,Demeniss Ceremonial Plate Helm,Plate
headgear,Demenissian Soldier Plate Helm,Plate
headgear,Demenissian Soldiers' Brimstone Gas Mask,
headgear,Desert Marauder's Plate Helm,Plate
headgear,Dewhaven Standard Plate Helm,Plate
headgear,Dragon Flame Helm,
headgear,Drish Cloth Cap,Cloth
headgear,Elegant Carmine Plate Helm,Plate
headgear,Elite Flame Knights Plate Helm,Plate
headgear,Executioner of Darkness Plate Helm,Plate
headgear,Faded Deer Antler,
headgear,Feral Sentinel Helm,
headgear,Ferman Plate Helm,Plate
headgear,Flame Knights Plate Helm,Plate
headgear,Frostcursed Plate Helm,Plate
headgear,Goldbranch Plate Crown,Plate
headgear,Golden Free Company's Plate Helm,Plate
headgear,Golden Greed Plate Helm,Plate
headgear,Goldlight Plate Helm,Plate
headgear,Grace Plate Helm,Plate
headgear,Grotevant Plate Helm,Plate
headgear,Guard Visione,
headgear,Hartmann Plate Helm,Plate
headgear,Health Detection Device,
headgear,Helm of Ignition,
headgear,Helm of Knowledge,
headgear,Helm of Loyal Friendship,
headgear,Herald of Six O'Clock,
headgear,Hyena Helm,
headgear,Icewing Plate Helm,Plate
headgear,Jackals' Leather Helm,Leather
headgear,Jester Leather Mask,Leather
headgear,Kairos Plate Helm,Plate
headgear,Knight of Carnage Plate Helm,Plate
headgear,Labrak Cloth Cap,Cloth
headgear,Lauques Plate Helm,Plate
headgear,Leather Hat of Enlightenment,Leather
headgear,Leather Helm of the Fallen Kingdom,Leather
headgear,Leather Riding Hat,Leather
headgear,Light of the Battlefield Plate Helm,Plate
headgear,Lightning Bolt Plate Helm,Plate
headgear,Lizard Leather Helm,Leather
headgear,Marni's Machina Knight Headgear,
headgear,Martial Monk's Cloth Robe,Cloth
headgear,Military Visione,
headgear,Miner's Lantern Hat,
headgear,Mistcloaked Owl Plate Helm,Plate
headgear,Mortain Plate Helm,Plate
headgear,Musket Border Guard Standard Helm,
headgear,Northern Fighter's Plate Helm,Plate
headgear,Odeck's Protector Plate Helm,Plate
headgear,Official Knight's Plate Helm,Plate
headgear,Pailunese Hat,
headgear,Pirate King Hat,
headgear,Plate Helm of Cursed Soul,Plate
headgear,Plate Helm of the Shadows,Plate
headgear,Pororin Petal Hat,
headgear,Prototype Visione,
headgear,Pumpkin Head,
headgear,Purple Scout Hat,
headgear,Rabbit Leather Mask,Leather
headgear,Raccoon Cloth Hat,Cloth
headgear,Radein Cloth Cap,Cloth
headgear,Red Rider's Plate Helm,Plate
headgear,Rivellon Cloth Cap,Cloth
headgear,Rueconec Cloth Cap,Cloth
headgear,Sahazhad Plate Helm,Plate
headgear,Scarlet Blades Gas Mask,
headgear,Scholastone Cap,
headgear,Schtump Plate Helm,Plate
headgear,Scorchflame Plate Helm,Plate
headgear,Sentinel of Tenacity Helm,
headgear,Sentinel of Trust Helm,
headgear,Shadowleaf Helm,
headgear,Silent Conqueror Plate Helm,Plate
headgear,Silver Fang Helm,
headgear,Skyblazer Cloth Helm,Cloth
headgear,Solas Plate Helm,Plate
headgear,St. Halssius Priest's Hat,
headgear,Steelmaw Plate Helm,Plate
headgear,Straw Bale Helm,
headgear,Sungrove Standard Plate Helm,Plate
headgear,Tech Hat,
headgear,Tempered Visione,
headgear,The Ashen's Plate Helm,Plate
headgear,The Faceless's Plate Helm,Plate
headgear,The Mask of Liberation,
headgear,Unyielding Hero's Plate Helm,Plate
headgear,Unyielding Warrior's Plate Helm,Plate
headgear,Valortread Plate Helm,Plate
headgear,Visione,
headgear,Wanderer of Faith's Plate Helm,Plate
headgear,White Bear Helm,
headgear,White Bloodwind Plate Helm,Plate
headgear,White Horn Leather Helm,Leather
headgear,Witters Plate Helm,Plate
headgear,Wolf Tracker Helm,
headgear,Wooden Mask of Lost Justice,
headgear,Wyvernflame Cloth Helm,Cloth
headgear,Ziggurat Cloth Helm,Cloth
chest,Armor of Loyal Friendship,
chest,Ashad Plate Armor,Plate
chest,Ashclaw Leather Armor,Leather
chest,Ashen Wolf's Leather Armor,Leather
chest,Ator's Will Cloth Armor,Cloth
chest,Autumn Banquet Leather Armor,Leather
chest,Baltheon Plate Armor,Plate
chest,Bandit Cloth Armor,Cloth
chest,Bedure Chain Mail,Chain
chest,Beekeeping Suit,
chest,Belkandor Plate Armor,Plate
chest,Besnet Cloth Armor,Cloth
chest,Blacksmith's Leather Armor,Leather
chest,Blackwing Leather Armor,Leather
chest,Blinding Arrow's Light Leather Armor,Leather
chest,Blinding Arrows' Leather Armor,Leather
chest,Blue Scout Armor,
chest,Bolton Plate Armor,Plate
chest,Bounty Hunter's Leather Armor,Leather
chest,Buellen Leather Armor,Leather
chest,Camouflage Outfit,
chest,Canta Plate Armor,Plate
chest,Carta Plate Armor,Plate
chest,Chelcia Plate Armor,Plate
chest,Condemner's Plate Armor,Plate
chest,Crimson Chaser Mail,
chest,Dancing Catfish Cloth Armor,Cloth
chest,Dark Executioner Leather Armor,Leather
chest,Dark Marksman's Plate Armor,Plate
chest,Dark Ringleader's Cloth Armor,Cloth
chest,Delesyian Cloth Attire,Cloth
chest,Demeniss Ceremonial Plate Armor,Plate
chest,Demeniss Honor Armor,
chest,Demenissian Elite Uniform Leather Armor,Leather
chest,Demenissian Grand General Plate Armor,Plate
chest,Demenissian Uniform Leather Armor,Leather
chest,Desert Marauder's Plate Armor,Plate
chest,Devan's Cloth Armor,Cloth
chest,Dewhaven Standard Leather Armor,Leather
chest,Doventry Leather Armor,Leather
chest,Dragon Flame Armor,
chest,Duskfang Leather Armor,Leather
chest,Duskmoon Cloth Armor,Cloth
chest,Elegant Carmine Leather Armor,Leather
chest,Ferman Plate Armor,Plate
chest,Flame Knights Plate Armor,Plate
chest,Frenoa Plate Armor,Plate
chest,Frozen Heart Plate Armor,Plate
chest,Gael Cloth Armor,Cloth
chest,Golden Free Company's Plate Armor,Plate
chest,Golden Freesword Light Armor,
chest,Golden Greed Plate Armor,Plate
chest,Grave Robber's Leather Armor,Leather
chest,Grey Wolf Leather Armor,Leather
chest,Greymane Cloth Armor,Cloth
chest,Greymane Light Armor,
chest,Grotevant Plate Armor,Plate
chest,Helfryn Leather Armor,Leather
chest,Hernandian Attire,
chest,Hernandian Honor Guard Armor,
chest,Hungering Fang Leather Armor,Leather
chest,Huskall Leather Armor,Leather
chest,Icewing Plate Armor,Plate
chest,Ironwilled Guardian's Leather Armor,Leather
chest,Jackals' Leather Armor,Leather
chest,Jester Leather Coat,Leather
chest,Kairos Plate Armor,Plate
chest,Knight of Carnage Plate Armor,Plate
chest,Kuku Flame-Resistant Armor,Kuku
chest,Kuku Ice-Resistant Armor,Kuku
chest,Kuku Lightning-Resistant Armor,Kuku
chest,Lauques Cloth Armor,Cloth
chest,Leather Armor of Earth's Honor,Leather
chest,Leather Armor of the Fallen Kingdom,Leather
chest,Leddic Cloth Armor,Cloth
chest,Light of the Battlefield Plate Armor,Plate
chest,Lonely Bomb Leather Armor,Leather
chest,Mardain Leather Armor,Leather
chest,Martial Artist's Cloth Garb,Cloth
chest,Matana Leather Armor,Leather
chest,Mistcloaked Owl Leather Armor,Leather
chest,Mortain Chain Mail,Chain
chest,Musket Border Guard Standard Armor,
chest,Naira's Basic Attire,
chest,Nibrak Cloth Armor,Cloth
chest,Northern Fighter's Chain Mail,Chain
chest,Oak Barrel Leather Armor,Leather
chest,Odeck's Protector Plate Armor,Plate
chest,Official Knight's Plate Armor,Plate
chest,Pailunese Attire,
chest,Plate Armor of Cursed Soul,Plate
chest,Plate Armor of the Shadows,Plate
chest,Pororin Cloth Attire,Cloth
chest,Purple Scout Armor,
chest,Rabbit Leather Coat,Leather
chest,Red Rider's Plate Armor,Plate
chest,Riding Attire,
chest,Rivenheim Cloth Armor,Cloth
chest,Rovenia Cloth Armor,Cloth
chest,Ruschar Leather Armor,Leather
chest,Sahazhad Plate Armor,Plate
chest,Scarlet Blades Cloth Armor,Cloth
chest,Scholastone Uniform,
chest,Schtump Cloth Armor,Cloth
chest,Sermena Cloth Armor,Cloth
chest,Shadowleaf Outfit,
chest,Silverwolf Leather Armor,Leather
chest,Skyblazer Cloth Armor,Cloth
chest,Solas Plate Armor,Plate
chest,St. Halssius Priest Attire,
chest,Stein Leather Armor,Leather
chest,Sungrove Standard Plate Armor,Plate
chest,Sunset Reed Leather Armor,Leather
chest,Tariv Cloth Attire,Cloth
chest,The Ashen's Plate Armor,Plate
chest,The Faceless's Cloth Armor,Cloth
chest,The Masked Liberator's Cloth Armor,Cloth
chest,Tiorant Cloth Armor,Cloth
chest,Unyielding Hero's Plate Armor,Plate
chest,Unyielding Warrior's Plate Armor,Plate
chest,Valnos Leather Armor,Leather
chest,Valortread Plate Armor,Plate
chest,Vildyne Leather Armor,Leather
chest,Wanderer of Faith Leather Armor,Leather
chest,Weasel Leather Armor,Leather
chest,White Bloodwind Leather Armor,Leather
chest,Windmere Standard Plate Armor,Plate
chest,Wolf Tracker Cloth Armor,Cloth
chest,Wyvernflames Cloth Armor,Cloth
chest,Ynitium Leather Armor,Leather
chest,Yrkabel Leather Armor,Leather
chest,Ziggurat Leather Armor,Leather
cloak,Ashad Plate Cloak,Plate
cloak,Ashen Wolf's Leather Cloak,Leather
cloak,Autumn Banquet Cloth Cloak,Cloth
cloak,Bandit Cloth Cloak,Cloth
cloak,Bear Hide Cloak,
cloak,Bedure Chain Cloak,Chain
cloak,Beekeeping Cloak,
cloak,Beighen Cloth Cloak,Cloth
cloak,Belkandor Plate Cloak,Plate
cloak,Black Bears' Cloth Cloak,Cloth
cloak,Blackwing Leather Cloak,Leather
cloak,Blinding Arrow's Cloth Cloak,Cloth
cloak,Blue Scout Cloak,
cloak,Boar Cloak,
cloak,Bolton Plate Cloak,Plate
cloak,Canta Plate Cloak,Plate
cloak,Chelcia Plate Cloak,Plate
cloak,Cloak of Loyal Friendship,
cloak,Condemner's Plate Cloak,Plate
cloak,Cow Cloak,
cloak,Crimson Chaser Chain Cloak,Chain
cloak,Dark Marksman's Plate Cloak,Plate
cloak,Dark Ringleader's Cloth Cloak,Cloth
cloak,Delesyian Cloth Cloak,Cloth
cloak,Delesyian Noble's Cloak,
cloak,Demeniss Ceremonial Cloak,
cloak,Demenissian Grand General Plate Cloak,Plate
cloak,Demenissian Noble's Cloak,
cloak,Demenissian Uniform Leather Cloak,Leather
cloak,Desert Marauder's Cloak,
cloak,Dewhaven Standard Cloth Cloak,Cloth
cloak,Disguise Cloak,
cloak,Dragon Flame Cloak,
cloak,Duskfang Leather Cloak,Leather
cloak,Elegant Carmine Leather Cloak,Leather
cloak,Executioner of Darkness Plate Cloak,Plate
cloak,Ferman Plate Cloak,Plate
cloak,Frostcursed Plate Cloak,Plate
cloak,Frozen Heart Plate Cloak,Plate
cloak,Golden Greed Plate Cloak,Plate
cloak,Goldlight Plate Cloak,Plate
cloak,Grey Wolf Cloth Cloak,Cloth
cloak,Grey Wolf Leather Cloak,Leather
cloak,Greymane Cloth Cloak,Cloth
cloak,Grotevant Cloak,
cloak,Helfryn Leather Cloak,Leather
cloak,Hernandian Cloak,
cloak,Hernandian Honor Guard Cloak,
cloak,Hernandian Noble's Cloak,
cloak,Hungering Fang Leather Cloak,Leather
cloak,Icewing Plate Cloak,Plate
cloak,Ironwilled Guardian's Leather Cloak,Leather
cloak,Jackal Cloth Cloak,Cloth
cloak,Jester Leather Cloak,Leather
cloak,Kairos Cloak,
cloak,Knight of Carnage Plate Cloak,Plate
cloak,Lauques Cloth Cloak,Cloth
cloak,Leather Cloak of Earth's Honor,Leather
cloak,Leather Cloak of the Fallen Kingdom,Leather
cloak,Light of the Battlefield Cloth Cloak,Cloth
cloak,Lizard Leather Cloak,Leather
cloak,Naira's Cloak,
cloak,Northern Fighter's Chain Cloak,Chain
cloak,Odeck's Protector Plate Cloak,Plate
cloak,Official Knight's Cloth Cloak,Cloth
cloak,Pailunese Cloak,
cloak,Plate Cloak of Cursed Soul,Plate
cloak,Plate Cloak of the Shadows,Plate
cloak,Pororin Cloth Cloak,Cloth
cloak,Purple Scout Cloak,
cloak,Reindeer Cloak,
cloak,Riding Cloak,
cloak,Sahazhad Plate Cloak,Plate
cloak,Scarecrow Cloak,
cloak,Scholastone Cloak,
cloak,Schtump Cloth Cloak,Cloth
cloak,Scorchflame Plate Cloak,Plate
cloak,Shadowleaf Cloak,
cloak,Silverwolf Leather Cloak,Leather
cloak,Skyblazer Cloth Cloak,Cloth
cloak,Solas Plate Cloak,Plate
cloak,St. Halssius Priest's Cloak,
cloak,Sunset Reed Leather Cloak,Leather
cloak,Tariv Cloth Cloak,Cloth
cloak,The Ashen's Leather Cloak,Leather
cloak,The Masked Liberator's Cloth Cloak,Cloth
cloak,Tiorant Cloth Cloak,Cloth
cloak,Unyielding Hero's Plate Cloak,Plate
cloak,Unyielding Warrior's Plate Cloak,Plate
cloak,Valortread Plate Cloak,Plate
cloak,Varnian Noble's Cloak,
cloak,Wanderer of Faith Leather Cloak,Leather
cloak,Weasel Leather Cloak,Leather
cloak,White Bloodwind Cloth Cloak,Cloth
cloak,Wolf Cloak,
cloak,Wolf Tracker Cloth Cloak,Cloth
cloak,Ynitium Leather Cloak,Leather
cloak,Yrkabel Cloth Cloak,Cloth
gloves,Ashad Plate Gloves,Plate
gloves,Ashen Wolf's Leather Gloves,Leather
gloves,Ator's Will Leather Gloves,Leather
gloves,Autumn Banquet Leather Gloves,Leather
gloves,Baltheon Plate Gloves,Plate
gloves,Beekeeping Gloves,
gloves,Belkandor Plate Gloves,Plate
gloves,Blackwing Leather Gloves,Leather
gloves,Bollin Leather Gloves,Leather
gloves,Brass Warden's Plate Gloves,Plate
gloves,Canta Plate Gloves,Plate
gloves,Carta Leather Gloves,Leather
gloves,Champion's Plate Gloves,Plate
gloves,Counterweight Leather Gloves,Leather
gloves,Crimson Chaser Chain Gloves,Chain
gloves,Dallaban Leather Gloves,Leather
gloves,Dark Marksman's Plate Gloves,Plate
gloves,Dark Ringleader's Leather Gloves,Leather
gloves,Demenissian Elite Plate Gloves,Plate
gloves,Demenissian Uniform Leather Gloves,Leather
gloves,Dulone Plate Gloves,Plate
gloves,Duskfang Leather Gloves,Leather
gloves,Eclipsed Solas Plate Gloves,Plate
gloves,Elegant Carmine Plate Gloves,Plate
gloves,Executioner of Darkness Plate Gloves,Plate
gloves,Ferman Plate Gloves,Plate
gloves,Fluttering Radiance Plate Gloves,Plate
gloves,Frostcursed Plate Gloves,Plate
gloves,Frozen Heart Plate Gloves,Plate
gloves,Golden Greed Plate Gloves,Plate
gloves,Goldlight Plate Gloves,Plate
gloves,Great Thief's Gloves,
gloves,Grey Wolf Cloth Gloves,Cloth
gloves,Grey Wolf Leather Gloves,Leather
gloves,Grotevant Plate Gloves,Plate
gloves,Helfryn Leather Gloves,Leather
gloves,Helms Plate Gloves,Plate
gloves,Hernandian Honor Guard Gloves,
gloves,Honorary Greymane Cloth Gloves,Cloth
gloves,Hungering Fang Leather Gloves,Leather
gloves,Icewing Plate Gloves,Plate
gloves,Insulated Gloves,
gloves,Ironwilled Guardian's Leather Gloves,Leather
gloves,Jester Leather Gloves,Leather
gloves,Kairos Plate Gloves,Plate
gloves,Knight of Carnage Plate Gloves,Plate
gloves,Leather Gloves of Earth's Honor,Leather
gloves,Light of the Battlefield Plate Gloves,Plate
gloves,Lightning Bolt Plate Gloves,Plate
gloves,Martial Monk's Cloth Gloves,Cloth
gloves,Master Trainer's Touch,
gloves,Melvin Leather Gloves,Leather
gloves,Naira's Gloves,
gloves,Northern Fighter's Leather Gloves,Leather
gloves,Odeck's Protector Plate Gloves,Plate
gloves,Official Knight's Leather Gloves,Leather
gloves,Pailunese Gloves,
gloves,Pale Predator's Leather Gloves,Leather
gloves,Pavis Leather Gloves,Leather
gloves,Pernicia Plate Gloves,Plate
gloves,Plate Gloves of Cursed Soul,Plate
gloves,Plate Gloves of the Fallen Kingdom,Plate
gloves,Plate Gloves of the Shadows,Plate
gloves,Reins of Open Sky,
gloves,Scorchflame Plate Gloves,Plate
gloves,Shadowleaf Gloves,
gloves,Silverwolf Leather Gloves,Leather
gloves,Skyblazer Leather Gloves,Leather
gloves,Solas Plate Gloves,Plate
gloves,Strongbow Gloves,
gloves,Sunset Reed Cloth Gloves,Cloth
gloves,Tariv Cloth Gloves,Cloth
gloves,Tech Gloves,
gloves,The Ashen's Plate Gloves,Plate
gloves,The Masked Liberator's Leather Gloves,Leather
gloves,Unyielding Hero's Plate Gloves,Plate
gloves,Valortread Plate Gloves,Plate
gloves,Wanderer of Faith Leather Gloves,Leather
gloves,Weasel Leather Gloves,Leather
gloves,White Bloodwind Plate Gloves,Plate
gloves,Ynitium Leather Gloves,Leather
boots,Ashad Plate Boots,Plate
boots,Ashen Wolf's Leather Boots,Leather
boots,Ator's Will Leather Boots,Leather
boots,Autumn Banquet Leather Boots,Leather
boots,Beekeeping Boots,
boots,Belkandor Plate Boots,Plate
boots,Blackwing Leather Boots,Leather
boots,Bollin Leather Boots,Leather
boots,Bolton Leather Boots,Leather
boots,Canta Plate Boots,Plate
boots,Carta Plate Boots,Plate
boots,Chelcia Plate Boots,Plate
boots,Dark Marksman's Plate Boots,Plate
boots,Demeniss Elite Uniform Leather Boots,Leather
boots,Demenissian Plate Boots,Plate
boots,Demenissian Uniform Leather Boots,Leather
boots,Dulone Plate Boots,Plate
boots,Dutrat Leather Boots,Leather
boots,Elegant Carmine Plate Boots,Plate
boots,Executioner of Darkness Plate Boots,Plate
boots,Ferman Leather Boots,Leather
boots,Fire Walk Boots,
boots,Fluttering Radiance Plate Boots,Plate
boots,Frostcursed Plate Boots,Plate
boots,Frozen Heart Plate Boots,Plate
boots,Giant's Boots,
boots,Golden Greed Plate Boots,Plate
boots,Goldlight Plate Boots,Plate
boots,Grey Wolf Leather Boots,Leather
boots,Grotevant Plate Boots,Plate
boots,Helfryn Leather Boots,Leather
boots,Helms Leather Boots,Leather
boots,Hernandian Honor Guard Boots,
boots,Hernandian Leather Boots,Leather
boots,Hungering Fang Leather Boots,Leather
boots,Icewing Plate Boots,Plate
boots,Ironwilled Guardian's Leather Boots,Leather
boots,Isilon Leather Boots,Leather
boots,Kairos Plate Boots,Plate
boots,Knight of Carnage Plate Boots,Plate
boots,Lascaux Leather Boots,Leather
boots,Lauques Leather Boots,Leather
boots,Leather Boots of Earth's Honor,Leather
boots,Light of the Battlefield Plate Boots,Plate
boots,Lightning Bolt Plate Boots,Plate
boots,Low-Heeled Leather Boots,Leather
boots,Martial Monk's Cloth Boots,Cloth
boots,Meadows Leather Boots,Leather
boots,Nagmore Leather Boots,Leather
boots,Naira's Boots,
boots,Northern Fighter's Leather Boots,Leather
boots,Odeck's Protector Plate Boots,Plate
boots,Official Knight's Leather Boots,Leather
boots,Pailunese Boots,
boots,Pavis Leather Boots,Leather
boots,Pillager's Leather Boots,Leather
boots,Plate Boots of Cursed Soul,Plate
boots,Plate Boots of the Fallen Kingdom,Plate
boots,Plate Boots of the Shadows,Plate
boots,Rabbit Cloth Boots,Cloth
boots,Radiant Plate Boots,Plate
boots,Rhonda Leather Boots,Leather
boots,Riding Boots,
boots,Sahazhad Plate Boots,Plate
boots,Scholastone Boots,
boots,Scorchflame Leather Boots,Leather
boots,Sein Leather Boots,Leather
boots,Shadowleaf Boots,
boots,Silverwolf Leather Boots,Leather
boots,Solas Plate Boots,Plate
boots,St. Halssius Priest's Leather Boots,Leather
boots,Stirrups of the Open Sky,
boots,Sunset Reed Cloth Boots,Cloth
boots,Tariv Cloth Boots,Cloth
boots,Tesslit Leather Boots,Leather
boots,The Ashen's Leather Boots,Leather
boots,The Masked Liberator's Leather Boots,Leather
boots,Tidebreaker Boots,
boots,Unyielding Hero's Plate Boots,Plate
boots,Unyielding Warrior's Plate Boots,Plate
boots,Valortread Plate Boots,Plate
boots,Vaporwalker,
boots,Wanderer of Faith Leather Boots,Leather
boots,Weasel Leather Boots,Leather
boots,White Bloodwind Leather Boots,Leather
boots,Wolf Tracker Leather Boots,Leather
boots,Woodbrock Leather Boots,Leather
boots,Ynitium Leather Boots,Leather
weapons,Absolute Justice Greatsword,Greatsword
weapons,Acorn Mace,Mace
weapons,Acria Sword,Sword
weapons,Aeserion Bow,Bow
weapons,Aeserion Dagger,Dagger
weapons,Aeserion Greataxe,Two-handed axe
weapons,Aeserion Greathammer,Greathammer
weapons,Aeserion Halberd,Halberd
weapons,Aeserion Longsword,Longsword
weapons,Aeserion Mace,Mace
weapons,Aeserion Spear,Spear
weapons,Aeserion Sword,Sword
weapons,Aeserion Warhammer,Whip
weapons,Air Blaster,Gauntlet
weapons,Alabaster Curved Sword,Sword
weapons,Alabaster Dagger,Dagger
weapons,Alabaster Halberd,Halberd
weapons,Alabaster Mace,Mace
weapons,Alabaster Spear,Spear
weapons,Alfonso Spear,Spear
weapons,Alpha Barrel Cannon,Hand cannon
weapons,Ancient Bamboo Stalk,Sword
weapons,Ancient Shield,Shield
weapons,Ancient Tree Branch,Sword
weapons,Ancient Wood Pole,Spear
weapons,Animal Spirit,Shield
weapons,Anti-Caliburn Signboard,Banner pike
weapons,Antumbra Sign,Banner pike
weapons,Antumbra's Eye,Whip
weapons,Arben Greatsword,Greatsword
weapons,Arlem Warhammer,Whip
weapons,Arlen Musket,Musket
weapons,Arlen Warhammer,Whip
weapons,Artisan's Hand,Mace
weapons,Artisan's Ornamented Shield,Shield
weapons,Ashen Execution,Whip
weapons,Ator's Finger,Dagger
weapons,Awakened Spirit,Halberd
weapons,Balgran Shield,Shield
weapons,Balton Hammer,Mace
weapons,Balton Large Shield,Shield
weapons,Balton Longsword,Longsword
weapons,Balton Mace,Mace
weapons,Balton Shield,Shield
weapons,Bamboo Sapling Stalk,Sword
weapons,Bamboo Shoot,Sword
weapons,Bamboo Spear,Spear
weapons,Bamboo Stalk,Sword
weapons,Beehive Club,Mace
weapons,Bekker Axe,Axe
weapons,Bekker Bow,Bow
weapons,Bekker Dagger,Dagger
weapons,Bekker Greataxe,Two-handed axe
weapons,Bekker Greathammer,Greathammer
weapons,Bekker Halberd,Halberd
weapons,Bekker Hammer,Mace
weapons,Bekker Large Shield,Shield
weapons,Bekker Musket,Musket
weapons,Bekker Shield,Shield
weapons,Bekker Warhammer,Whip
weapons,Bismuth Cannon,Hand cannon
weapons,Black Bears Banner Pike with Tassel,Banner pike
weapons,Black Iron Axe,Axe
weapons,Black Oath Shield,Shield
weapons,Black Sun,Shield
weapons,Blaster No. 8,Gauntlet
weapons,Blazing Shield,Shield
weapons,Blazing Spear,Spear
weapons,Bleed Shotgun,Shotgun
weapons,Bloodsteel Bow,Bow
weapons,Blue Scout Shield,Shield
weapons,Bonepit Greataxe,Two-handed axe
weapons,Bonepit Greathammer,Greathammer
weapons,Bonepit Halberd,Halberd
weapons,Bonepit Mace,Mace
weapons,Bonepit Warhammer,Whip
weapons,Bow of the Fleeting,Bow
weapons,Brass Rose Rapier,Rapier
weapons,Bringer of Balance,Longsword
weapons,Cactus Warhammer,Whip
weapons,Caliburn's Mercy Pistol,Pistol
weapons,Calphadean Contribution Banner Pike,Banner pike
weapons,Celeste Halberd,Halberd
weapons,Ceremonial Warhammer,Whip
weapons,Chillfallen Sword,Sword
weapons,Circling Moon,Spear
weapons,City Guard's Shield,Shield
weapons,Cog Destroyer Spear,Spear
weapons,Competition Musket,Musket
weapons,Competition Shield,Shield
weapons,Competition Spear,Spear
weapons,Competition Sword,Sword
weapons,Competition Wooden Bow,Bow
weapons,Copper Knuckledrill,Gauntlet
weapons,Crimson Warden's Bow,Bow
weapons,Crow Brothers Axe,Axe
weapons,Crow Brothers Dagger,Dagger
weapons,Crow Brothers Warhammer,Whip
weapons,Crow Whisperer,Whip
weapons,Crude Club,Mace
weapons,Dagger of Dark Pursuit,Dagger
weapons,Damaged Medium Calphadean Banner Pike,Banner pike
weapons,Dandelion Longsword,Longsword
weapons,Dane Shotgun,Shotgun
weapons,Dark Worshiper's Staff,Whip
weapons,Darkbringer,Longsword
weapons,Dekarr Bow,Bow
weapons,Dekarr Dagger,Dagger
weapons,Dekarr Greataxe,Two-handed axe
weapons,Dekarr Hammer,Mace
weapons,Dekarr Shield,Shield
weapons,Dekarr Sword,Sword
weapons,Delesyian Contribution Banner Pike,Banner pike
weapons,Delesyian Dagger,Dagger
weapons,Delesyian Longsword,Longsword
weapons,Delesyian Musket,Musket
weapons,Delesyian Ornamental Shield,Shield
weapons,Delesyian Shotgun,Shotgun
weapons,Delonde Axe,Axe
weapons,Demeniss Royal Guard Shield,Shield
weapons,Demenissian Chainsaw,Gauntlet
weapons,Demenissian Contribution Banner Pike,Banner pike
weapons,Demenissian Gold-Decorated Shield,Shield
weapons,Demenissian Hero's Musket,Musket
weapons,Demenissian Shield of Loyalty,Shield
weapons,Demenissian Shield of Obedience,Shield
weapons,Demenissian Shield of Valor,Shield
weapons,Demenissian Silver-Decorated Shield,Shield
weapons,Demenissian Soldier's Large Shield,Shield
weapons,Derictus Spear,Spear
weapons,Desert Hammer,Mace
weapons,Dewhaven Longsword,Longsword
weapons,Dewhaven Shield,Shield
weapons,Dewhaven Shotgun,Shotgun
weapons,Diver's Machine Knuckledrill,Gauntlet
weapons,Diverging Moon,Spear
weapons,Divine Echoes Bow,Bow
weapons,Double-Headed Axe of Greed,Axe
weapons,Double-Sided Banner Pike,Banner pike
weapons,Drake Shield,Shield
weapons,Drakhan Hammer,Mace
weapons,Dueling Rapier,Rapier
weapons,Earthsplitter,Two-handed axe
weapons,Eastern Wanderer's Shield,Shield
weapons,Eastern Witch's Fan,Gauntlet
weapons,Electro-Mecha Longsword,Longsword
weapons,Electro-Mecha Spear,Spear
weapons,Elemore Rapier,Rapier
weapons,Elenore Rapier,Rapier
weapons,Elite Vanguard,Spear
weapons,Entwined Red Thread Hammer,Mace
weapons,Falconne Pistol,Pistol
weapons,Fallen Kingdom's Rapier,Rapier
weapons,Fallen Kingdom's Sword,Sword
weapons,Fallen Noble's Rapier,Rapier
weapons,Fan-Blade Greataxe,Two-handed axe
weapons,Fated Shadow,Sword
weapons,Finest Rhinard Cannon,Hand cannon
weapons,Flame Knights Shield,Shield
weapons,Freesword Halberd,Halberd
weapons,Freesword's Shield,Shield
weapons,Frostbone Shield,Shield
weapons,Frostfang,Spear
weapons,Frozen Anguish,Longsword
weapons,Frozen Soul,Mace
weapons,Furious Waves Gauntlet,Gauntlet
weapons,Gale Shield,Shield
weapons,Gamma Barrel Cannon,Hand cannon
weapons,Giant Bamboo Stalk,Sword
weapons,Giant Tree Branch,Sword
weapons,Gilded Shield,Shield
weapons,Gilliam Axe,Axe
weapons,Gilliam Halberd,Halberd
weapons,Gilliam Large Shield,Shield
weapons,Gilliam Rapier,Rapier
weapons,Glenmore Sword,Sword
weapons,Goblin King's Treasure Dagger,Dagger
weapons,Golden Dragon's Claw,Greathammer
weapons,Golden Fire,Gauntlet
weapons,Golden Greathammer,Greathammer
weapons,Golden Kerria Shield,Shield
weapons,Golden Shield,Shield
weapons,Golden Sword,Sword
weapons,Golden Vanguard,Halberd
weapons,Golden-Knotted Ancestral Bow,Bow
weapons,Gorthak Greataxe,Two-handed axe
weapons,Gorthak Warhammer,Whip
weapons,Grace Rapier,Rapier
weapons,Grasping Moon,Spear
weapons,Greathammer of Fire,Greathammer
weapons,Grey Wolf Bow,Bow
weapons,Grey Wolf Wooden Shield,Shield
weapons,Grey Wolf's Sword,Sword
weapons,Guidance of Dark Pursuit,Whip
weapons,Gustav Musket,Musket
weapons,Harkan's Spear,Spear
weapons,Hellhounds Chopping Axe,Two-handed axe
weapons,Helms Greathammer,Greathammer
weapons,Helms Musket,Musket
weapons,Hernandian Contribution Banner Pike,Banner pike
weapons,Hollow Visage,Sword
weapons,Horseshoe-Blade Greataxe,Two-handed axe
weapons,Hound,Longsword
weapons,Hwando,Longsword
weapons,Hyde Crossbow,Crossbow
weapons,Ignir,Longsword
weapons,Incomplete Masterpiece,Two-handed axe
weapons,Inquisitor's Greataxe,Two-handed axe
weapons,Inquisitor's Rapier,Rapier
weapons,Iris Greataxe,Two-handed axe
weapons,Iris Halberd,Halberd
weapons,Iris Longsword,Longsword
weapons,Iris Mace,Mace
weapons,Iris Shield,Shield
weapons,Iris Warhammer,Whip
weapons,Iron Fists Gauntlet,Gauntlet
weapons,Jemel Pistol,Pistol
weapons,Kadel Mace,Mace
weapons,Khaled Shield,Shield
weapons,King's Dagger,Dagger
weapons,Kite Shield,Shield
weapons,Knightlord's Sword,Sword
weapons,Kordaav Mace,Mace
weapons,Kuku Bismuth Spear,Spear
weapons,Kuku Disruptor Spear,Spear
weapons,Kuku Flame Spear,Spear
weapons,Kuku Laser Cannon Spear,Spear
weapons,Kuku Lightning Spear,Spear
weapons,Kuku Propeller Spear,Spear
weapons,Kuku Spear,Spear
weapons,Kutum Shield,Shield
weapons,Kylus Axe,Axe
weapons,Kylus Bow,Bow
weapons,Kylus Dagger,Dagger
weapons,Kylus Greataxe,Two-handed axe
weapons,Kylus Spear,Spear
weapons,Lambert Axe,Axe
weapons,Lambert Halberd,Halberd
weapons,Lambert Rapier,Rapier
weapons,Lanford Axe,Axe
weapons,Lanford Greathammer,Greathammer
weapons,Lanford Hammer,Mace
weapons,Lanford Large Shield,Shield
weapons,Lanford Mace,Mace
weapons,Large Gilded Shield,Shield
weapons,Legion Spearmen's Large Shield,Shield
weapons,Legionary's Gladius,Sword
weapons,Leofric Double-Headed Axe,Axe
weapons,Leofric Musket,Musket
weapons,Leonne Rapier,Rapier
weapons,Liberre Rapier,Rapier
weapons,Lifsoth Large Shield,Shield
weapons,Lightning Greathammer,Greathammer
weapons,Lightningblade of Greed,Sword
weapons,Lucon Large Shield,Shield
weapons,Lusec Greatsword,Greatsword
weapons,Mace of Ambition,Mace
weapons,Mace of Betrayal,Mace
weapons,Mace of Resolve,Mace
weapons,Mace of the Fleeting,Mace
weapons,Maeve Axe,Axe
weapons,Marauder's Halberd,Halberd
weapons,Marching Baton,Mace
weapons,Marni Devotee's Mace,Mace
weapons,Marni Musket,Musket
weapons,Marni Tank Blaster,Gauntlet
weapons,Mass-Produced Large Rekel Shield,Shield
weapons,Mature Bamboo Stalk,Sword
weapons,Mature Tree Branch,Sword
weapons,Mechanical Clockwork Blaster,Gauntlet
weapons,Medium Black Bears Banner Pike,Banner pike
weapons,Medium Bleed Bandits Banner Pike,Banner pike
weapons,Medium Caliburn's Banner Pike,Banner pike
weapons,Medium Calphadean Banner Pike,Banner pike
weapons,Medium Dancing Catfish Pirates' Banner Pike,Banner pike
weapons,Medium Delesyian Banner Pike,Banner pike
weapons,Medium Demenissian Banner Pike,Banner pike
weapons,Medium Demenissian Noble's Banner Pike,Banner pike
weapons,Medium Dewhaven Banner Pike,Banner pike
weapons,Medium Dusksongs Banner Pike,Banner pike
weapons,Medium Faceless Banner Pike,Banner pike
weapons,Medium Flame Knights Banner Pike,Banner pike
weapons,Medium Greymane Banner Pike,Banner pike
weapons,Medium Halberd of Carnage's Banner Pike,Banner pike
weapons,Medium Heavy Silence Banner Pike,Banner pike
weapons,Medium Hellhounds Banner Pike,Banner pike
weapons,Medium Hernandian Banner Pike,Banner pike
weapons,Medium Ironflame Orcs Banner Pike,Banner pike
weapons,Medium Marni Banner Pike,Banner pike
weapons,Medium Musket of Demeniss Banner Pike,Banner pike
weapons,Medium Pailunese Banner Pike,Banner pike
weapons,Medium Staglord Banner Pike,Banner pike
weapons,Medium Tommaso Banner Pike,Banner pike
weapons,Medium Twilight Messengers Banner Pike,Banner pike
weapons,Medium Varnian Banner Pike,Banner pike
weapons,Medium Wells Banner Pike,Banner pike
weapons,Medium Wyvernflames Banner Pike,Banner pike
weapons,Melted Ambition,Sword
weapons,Metilbahm Shotgun,Shotgun
weapons,Mining Knuckledrill,Gauntlet
weapons,Mirror of Night,Shield
weapons,Mortimer Shotgun,Shotgun
weapons,Muskan's Lower Body Clone,Gauntlet
weapons,Muskan's Upper Body Clone,Gauntlet
weapons,Musket Shield,Shield
weapons,Nazk Sword,Sword
weapons,Noble Man's Bow,Bow
weapons,North Wind Shield,Shield
weapons,North Wind Trident,Spear
weapons,Oath Ring Shield,Shield
weapons,Oblivion of the Past,Whip
weapons,Octarr's Legacy,Mace
weapons,Odeck Hardwood Shield,Shield
weapons,Odeck Wooden Club Mace,Mace
weapons,Orc Blaster,Gauntlet
weapons,Ordinary Gloves,Gauntlet
weapons,Pailunese Contribution Banner Pike,Banner pike
weapons,Pailunese Logging Axe,Two-handed axe
weapons,Pailunese Musket,Musket
weapons,Pailunese Riteblade,Dagger
weapons,Pailunese Shotgun,Shotgun
weapons,Parashu Axe,Axe
weapons,Parvel Greatsword,Greatsword
weapons,Patterned Stone Greataxe,Two-handed axe
weapons,Peltree Sword,Sword
weapons,Perennial Bamboo Stalk,Sword
weapons,Perennial Branch,Sword
weapons,Purple Scout Shield,Shield
weapons,Rapier of Amity,Rapier
weapons,Rattan Shield,Shield
weapons,Reckoning,Spear
weapons,Red Needle,Sword
weapons,Red Rage,Sword
weapons,Reinforced Steel Blaster,Gauntlet
weapons,Reinforced Warspike Large Shield,Shield
weapons,Rekel Large Shield,Shield
weapons,Rekel Large Spiked Shield,Shield
weapons,Reventine Priest's Spear,Spear
weapons,Rhett's Longsword,Longsword
weapons,Rhias's Axe,Axe
weapons,Rhinard Cannon,Hand cannon
weapons,Rhonid Large Shield,Shield
weapons,Righteous Verdict,Longsword
weapons,Ring of the Earth,Axe
weapons,Rising Arrow Shield,Shield
weapons,Roar of the Black Bear,Whip
weapons,Rogue's Mace,Mace
weapons,Rosemond Pistol,Pistol
weapons,Royal Guard Shield,Shield
weapons,Royal Oath,Rapier
weapons,Rune-Engraved Rock,Greathammer
weapons,Runewalker Shield,Shield
weapons,Sacred Bamboo Stalk,Sword
weapons,Sacred Tree Branch,Sword
weapons,Saint's Blessing,Shield
weapons,Saltroad Mace,Mace
weapons,Saltroad Warhammer,Whip
weapons,Sanguine Knell,Whip
weapons,Sapling Branch,Sword
weapons,Savage Longsword,Longsword
weapons,Savage Sawblade,Sword
weapons,Savage Woodland Spirit Killer,Mace
weapons,Serdin Greatsword,Greatsword
weapons,Shackle of Might,Sword
weapons,Shadow of the Past Pistol,Pistol
weapons,Shadowleaf Bow,Bow
weapons,Shadowleaf Soul Branch,Whip
weapons,Shaman's Staff,Whip
weapons,Shell of the Fleeting,Shield
weapons,Shield of a Blossoming Spring Day,Shield
weapons,Shield of Betrayal,Shield
weapons,Shield of Conviction,Shield
weapons,Shield of Radiance,Shield
weapons,Shield of Ringing,Shield
weapons,Shield of Sacrifice,Shield
weapons,Shield of the Phantom,Shield
weapons,Shotgun Shield,Shield
weapons,Sielos Longsword,Longsword
weapons,Sigremon Greataxe,Two-handed axe
weapons,Silver Visione Stand,Spear
weapons,Silverwolf Axe,Axe
weapons,Sior Blaster,Gauntlet
weapons,Slave Gladiator Branding Spear,Spear
weapons,Small Banner Pike,Banner pike
weapons,Small Black Bears Banner Pike,Banner pike
weapons,Small Bleed Bandits Banner Pike,Banner pike
weapons,Small Caliburn's Banner Pike,Banner pike
weapons,Small Calphadean Banner Pike,Banner pike
weapons,Small Dancing Catfish Pirates' Banner Pike,Banner pike
weapons,Small Delesyian Banner Pike,Banner pike
weapons,Small Demenissian Banner Pike,Banner pike
weapons,Small Demenissian Noble's Banner,Banner pike
weapons,Small Dewhaven Banner Pike,Banner pike
weapons,Small Dusksongs Banner Pike,Banner pike
weapons,Small Faceless Banner Pike,Banner pike
weapons,Small Flame Knights Banner Pike,Banner pike
weapons,Small Greymane Banner Pike,Banner pike
weapons,Small Halberd of Carnage's Banner Pike,Banner pike
weapons,Small Heavy Silence Banner Pike,Banner pike
weapons,Small Hellhounds Banner Pike,Banner pike
weapons,Small Hernandian Banner Pike,Banner pike
weapons,Small Ironflame Orcs Banner Pike,Banner pike
weapons,Small Marni Banner Pike,Banner pike
weapons,Small Militia Banner Pike,Banner pike
weapons,Small Musket of Demeniss Banner Pike,Banner pike
weapons,Small Pailunese Banner Pike,Banner pike
weapons,Small Royal Hunting Ground Banner Pike,Banner pike
weapons,Small Staglord Banner Pike,Banner pike
weapons,Small Tommaso Banner Pike,Banner pike
weapons,Small Twilight Messengers Banner Pike,Banner pike
weapons,Small Varnian Banner Pike,Banner pike
weapons,Small Wells Banner Pike,Banner pike
weapons,Small Wells Brigade Banner Pike,Banner pike
weapons,Small Wyvernflames Banner Pike,Banner pike
weapons,Sorcerer's Massage Stick,Mace
weapons,Sorcerer's Staff,Spear
weapons,Soul Spear,Spear
weapons,Southern Wandering Troll's Crossbow,Crossbow
weapons,Spada Sword,Sword
weapons,Spear of Righteousness,Spear
weapons,Spear of the Fleeting,Spear
weapons,Specter Sword,Sword
weapons,Spencer Pistol,Pistol
weapons,Spine of the Earth,Mace
weapons,Spirit Bamboo Stalk,Sword
weapons,Spirit Tree Branch,Sword
weapons,Split Tooth,Two-handed axe
weapons,Sprout Branch,Sword
weapons,Staff of the Fleeting,Spear
weapons,Staglord's Shield,Shield
weapons,Steel Blaster,Gauntlet
weapons,Sturdy Ancient Bamboo Stalk,Sword
weapons,Sturdy Ancient Tree Branch,Sword
weapons,Sturdy Bamboo Sapling Stalk,Sword
weapons,Sturdy Bamboo Shoot,Sword
weapons,Sturdy Bamboo Stalk,Sword
weapons,Sturdy Giant Bamboo Stalk,Sword
weapons,Sturdy Giant Tree Branch,Sword
weapons,Sturdy Mature Bamboo Stalk,Sword
weapons,Sturdy Mature Tree Branch,Sword
weapons,Sturdy Perennial Bamboo Stalk,Sword
weapons,Sturdy Perennial Branch,Sword
weapons,Sturdy Sacred Bamboo Stalk,Sword
weapons,Sturdy Sacred Tree Branch,Sword
weapons,Sturdy Sapling Branch,Sword
weapons,Sturdy Spirit Bamboo Stalk,Sword
weapons,Sturdy Spirit Tree Branch,Sword
weapons,Sturdy Sprout Branch,Sword
weapons,Sturdy Tree Branch,Sword
weapons,Sturdy World Bamboo Stalk,Sword
weapons,Sturdy World Tree Branch,Sword
weapons,Survivor's Solitude,Sword
weapons,Sword of Greed,Sword
weapons,Sword of Starlight,Rapier
weapons,Sword of the Fleeting,Sword
weapons,Sword of the Lord,Sword
weapons,Sword of the Wolf,Sword
weapons,Sword of Wayward Woods,Sword
weapons,Sydmon Bow,Bow
weapons,Sydmon Dagger,Dagger
weapons,Sydmon Hammer,Mace
weapons,Sydmon Kite Shield,Shield
weapons,Sydmon Longsword,Longsword
weapons,Sydmon Round Shield,Shield
weapons,Sydmon Spear,Spear
weapons,Sydmon Sword,Sword
weapons,Tardik Axe,Axe
weapons,Tardik Bow,Bow
weapons,Tardik Greataxe,Two-handed axe
weapons,Tardik Longsword,Longsword
weapons,Tardik Shield,Shield
weapons,Tardik Warhammer,Whip
weapons,Tauria Curved Sword,Sword
weapons,Thalwynd Hammer,Mace
weapons,Thalwynd Large Shield,Shield
weapons,Thalwynd Longsword,Longsword
weapons,Thalwynd Warhammer,Whip
weapons,The Blinding Arrows Medium Banner Pike,Banner pike
weapons,The Blinding Arrows Small Banner Pike,Banner pike
weapons,The Grove's Thorn,Mace
weapons,The Laughing Marionette Shield,Shield
weapons,Thorn of Dark Pursuit,Spear
weapons,Thorny Warspike Large Shield,Shield
weapons,Timberham Axe,Axe
weapons,Tiny Greymane Banner Pike,Banner pike
weapons,Tommaso Guard's Dagger-Tipped Spear,Spear
weapons,Tommasoan Bow,Bow
weapons,Tommasoan Contribution Banner Pike,Banner pike
weapons,Tormented Soul Bow,Bow
weapons,Traitor's Spear,Spear
weapons,Tree Branch,Sword
weapons,Troll Hook Greataxe,Two-handed axe
weapons,Trumpet Shotgun,Shotgun
weapons,Twilight Messengers' Bow,Bow
weapons,Twisted Thorns,Shield
weapons,Twisted Verdict,Longsword
weapons,Valgash's Incomplete Work,Spear
weapons,Varnian Contribution Banner Pike,Banner pike
weapons,Varnian Dagger,Dagger
weapons,Varnian Sword,Sword
weapons,Verak Greatsword,Greatsword
weapons,Vessel of Dark Pursuit,Longsword
weapons,Vilancia Pistol,Pistol
weapons,Volcanic Blaster,Gauntlet
weapons,Volono Rapier,Rapier
weapons,Volono Sword,Sword
weapons,Vow of the Dead King,Halberd
weapons,Warspike Bow,Bow
weapons,Warspike Spear,Spear
weapons,Wells Mace,Mace
weapons,Wells Musket,Musket
weapons,Wells Sword,Sword
weapons,Wheel of the Last Toll,Two-handed axe
weapons,White Wind Rapier,Rapier
weapons,White Wood Bow,Bow
weapons,Wolf's Fang,Sword
weapons,World Bamboo Stalk,Sword
weapons,World Tree Branch,Sword
weapons,Wyvern Blaster,Gauntlet
weapons,Zargan Warhammer,Whip
